{
  "best_one": -1,
  "results": [
    {
      "id": 0,
      "nitr": 11250000,
      "variables": [
        [
          0.03486505275993196,
          0.4024707265049037,
          0.0,
          0.0,
          0.24381126604205114,
          0.3188529546931177
        ],
        [
          0.16730957125409934,
          0.09685747044464599,
          0.24524967319492513,
          0.22699984489541858,
          0.0,
          0.263583440210917
        ],
        [
          0.6393157928203133,
          0.0,
          0.10758900971167684,
          0.07971263210591711,
          0.3575917269419943,
          0.755575817957499
        ]
      ],
      "contrast": 0.017311062120125897,
      "safety": [
        0.00019959665631103963,
        0.004514685739266871,
        0.0179580890775048,
        0.012967626377428872
      ]
    },
    {
      "id": 1,
      "nitr": 19125000,
      "variables": [
        [
          0.0,
          0.1591926233696666,
          0.18771346401665037,
          0.3400839264867741,
          0.0,
          0.3130099861269622
        ],
        [
          0.04557444256688725,
          0.0,
          0.15938119527626887,
          0.12087168004634866,
          0.12639990731393674,
          0.5477727747964587
        ],
        [
          0.8515232621552513,
          0.0,
          0.9662199987013622,
          0.511923632415259,
          0.596687052318071,
          0.10955701049303712
        ]
      ],
      "contrast": 0.013069688225428915,
      "safety": [
        0.0003436612824553975,
        0.0033758650308396243,
        0.013848782406697912,
        0.010240753713416508
      ]
    },
    {
      "id": 2,
      "nitr": 29250000,
      "variables": [
        [
          0.0,
          0.12115322707200629,
          0.08791321961904927,
          0.36211894217083024,
          0.002642541599636089,
          0.4261720695384034
        ],
        [
          0.1277289332749893,
          0.05140619342802663,
          0.7114200812808296,
          0.0,
          0.1094447920161376,
          0.0
        ],
        [
          0.7495077991209186,
          0.865759651745017,
          0.09336588306205162,
          0.0,
          0.31422386610229286,
          0.2981788231989531
        ]
      ],
      "contrast": 0.020019808649552086,
      "safety": [
        3.8262698457701704e-05,
        0.002473882281167832,
        0.011961220066179234,
        0.013826368231050528
      ]
    },
    {
      "id": 3,
      "nitr": 28125000,
      "variables": [
        [
          0.34831485655067035,
          0.04852351300619859,
          0.022561443566870787,
          0.09870562545200856,
          0.0,
          0.48189456142414666
        ],
        [
          0.0005428284940692529,
          0.0,
          0.0,
          0.7329020633825926,
          0.26655510812324135,
          0.0
        ],
        [
          0.0,
          0.09967930635587335,
          1.0,
          0.11392661936727616,
          0.6239096697008156,
          0.4349760666824991
        ]
      ],
      "contrast": 0.0279375633309974,
      "safety": [
        0.001537331085186343,
        0.003765842868878526,
        0.020357307997586237,
        0.020486126095858963
      ]
    },
    {
      "id": 4,
      "nitr": 19125000,
      "variables": [
        [
          0.014900372299327697,
          0.14336720131910477,
          0.0,
          0.6214573375212402,
          0.0,
          0.22027508886035926
        ],
        [
          0.002613100423178888,
          0.8139124278036807,
          0.10445113861980948,
          0.0,
          0.07902333315341842,
          0.0
        ],
        [
          0.17436384059169963,
          0.047992494058637314,
          0.0,
          0.0,
          0.3984417588836651,
          0.2813883923387296
        ]
      ],
      "contrast": 0.014436583058511244,
      "safety": [
        0.00044797538885594677,
        0.0032569785252769645,
        0.01371556171086814,
        0.009900492572955544
      ]
    }
  ]
}