{
  "best_one": -1,
  "results": [
    {
      "id": 0,
      "nitr": 12375000,
      "variables": [
        [
          0.39540401115943463,
          0.0,
          0.4865280116508638,
          0.005277333256996891,
          0.11279064393271143,
          0.0
        ],
        [
          0.19609219561123714,
          0.31275749415020626,
          0.0,
          0.0,
          0.09176747301008903,
          0.3993828372284849
        ],
        [
          0.0,
          0.10711444268535941,
          0.4842127238544671,
          0.7706215316147138,
          0.8824527348471869,
          0.5644477177108096
        ]
      ],
      "contrast": 0.014158517747710469,
      "safety": [
        0.000719740581905558,
        0.0034649741426541303,
        0.013379492071045229,
        0.010942476128340994
      ]
    },
    {
      "id": 1,
      "nitr": 14625000,
      "variables": [
        [
          0.0,
          0.4737516141577324,
          0.042748589653797076,
          0.17061940707816167,
          0.0,
          0.31288038911038274
        ],
        [
          0.38681292130776856,
          0.14610181544525863,
          0.0,
          0.0,
          0.36070109638834097,
          0.10638416685856383
        ],
        [
          0.9018824869508388,
          0.6282292764853059,
          0.23261885428953372,
          0.15716816178717724,
          0.27443090411193666,
          1.0
        ]
      ],
      "contrast": 0.013794710169083249,
      "safety": [
        0.0012381573110343369,
        0.0006957028025817813,
        0.0029734830462687756,
        0.009082182880881414
      ]
    },
    {
      "id": 2,
      "nitr": 14625000,
      "variables": [
        [
          0.14245936255300334,
          0.0,
          0.2574297959486056,
          0.12195359869653857,
          0.005022102181304777,
          0.47313514062052087
        ],
        [
          0.000549129531143,
          0.31677524489272935,
          0.362403155080892,
          0.0,
          0.0,
          0.320272470495159
        ],
        [
          0.295380550849471,
          0.12129766408954895,
          0.49162948495063163,
          0.3466460540272507,
          0.9049592147815361,
          0.00665279071214725
        ]
      ],
      "contrast": 0.00853325024724894,
      "safety": [
        0.00026807816833425034,
        0.0013909239866007439,
        0.006475191122439616,
        0.005972688194222347
      ]
    },
    {
      "id": 3,
      "nitr": 13500000,
      "variables": [
        [
          0.4709728569113514,
          0.38670495965932483,
          0.006211002661044296,
          0.045775727950289946,
          0.09033545281798733,
          0.0
        ],
        [
          0.29640086683194,
          0.12029660404139403,
          0.33411706118027673,
          0.0,
          0.2491854679463794,
          0.0
        ],
        [
          0.0,
          0.4832291158706796,
          0.15804737905184657,
          1.0,
          0.7824652730313522,
          0.964226608747982
        ]
      ],
      "contrast": 0.021185337984798814,
      "safety": [
        0.0015973114865612359,
        0.004135174321000561,
        0.01807770897905565,
        0.01654414054669553
      ]
    },
    {
      "id": 4,
      "nitr": 21375000,
      "variables": [
        [
          0.0,
          0.29003949961003744,
          0.16526968423758068,
          0.0,
          0.0,
          0.5446908161524247
        ],
        [
          0.0,
          0.08965169547803567,
          0.07101763240671927,
          0.5249012079176001,
          0.24537878015122205,
          0.0690506840465415
        ],
        [
          0.809282142990206,
          0.0,
          0.9595877249398501,
          0.187995680206283,
          0.784092391529406,
          0.41868387953922775
        ]
      ],
      "contrast": 0.027045375456089482,
      "safety": [
        0.0014828264209019826,
        0.002238484600954753,
        0.014661593395249594,
        0.020344987209965273
      ]
    }
  ]
}